status,name
published,Entschlossen
published,Strategisch
published,Führungsfähigkeiten
published,Zielorientiert
published,Analytisch
published,Selbstbewusst
published,Effizient
published,Strategisches Denken wird gefördert
published,"Die Möglichkeit, Entscheidungen zu treffen und Verantwortung zu übernehmen"
published,Führungspositionen sind verfügbar und geschätzt
published,"Herausfordernde Aufgaben, die analytische Fähigkeiten erfordern"
published,Mangelnde Geduld in manchen Situationen
published,Tendenz zur Unnachgiebigkeit und Beharrlichkeit
published,"Potenzielle Schwierigkeiten in der Zusammenarbeit mit Personen, die ihren Ansichten nicht folgen"
published,Fokus auf Effizienz kann zwischenmenschliche Beziehungen beeinträchtigen
published,Fürsorglich
published,Teamorientiert
published,Organisiert
published,Empathisch
published,Kommunikativ
published,Zuverlässig
published,Anpassungsfähig
published,Fördert soziale Interaktion
published,Bietet klare Erwartungen und Strukturen
published,Betont teamorientierte Rollen
published,Schafft ein unterstützendes und zwischenmenschliches Umfeld
published,Potenzielle Überforderung aufgrund von Selbstlosigkeit
published,"Schwierigkeiten, Nein zu sagen oder eigene Bedürfnisse auszudrücken"
published,Neigung zu einer kritischen Selbstwahrnehmung
published,Mögliche Zurückhaltung bei der Konfliktbewältigung
published,"Risiko, sich zu sehr auf die Bedürfnisse anderer zu konzentrieren und die eigenen zu vernachlässigen"
published,Empathisch
published,Inspirierend
published,Teamorientiert
published,Kommunikativ
published,Sozial
published,Führungsfähigkeiten
published,Organisiert
published,Betont soziale Interaktion und zwischenmenschliche Beziehungen
published,"Ermöglicht Rollen, in denen sie andere inspirieren und motivieren können"
published,Bietet Klarheit und Struktur in den Aufgaben
published,Fördert offene Kommunikation und Teamarbeit
published,Schafft eine unterstützende Umgebung für persönliche Entwicklung
published,Gefahr der Überlastung aufgrund von übermäßigem Engagement
published,"Schwierigkeiten, Nein zu sagen oder eigene Bedürfnisse auszudrücken"
published,Neigung zur Perfektion und zu hohen Erwartungen an sich selbst
published,Mögliche Überempfindlichkeit gegenüber Kritik
published,"Risiko, die eigenen Bedürfnisse zugunsten anderer zu vernachlässigen"
published,Zuverlässig
published,Organisiert
published,Gewissenhaft
published,Strukturiert
published,Analytisch
published,Verantwortungsbewusst
published,Präzise
published,Klare Regeln und Strukturen
published,"Aufgaben, die organisatorische und analytische Fähigkeiten erfordern"
published,Ein ruhiges und effizientes Arbeitsumfeld
published,Betonung von Präzision und Genauigkeit
published,Möglichkeit zur Übernahme von Verantwortung in strukturierten Aufgabenbereichen
published,Potenzielle Sturheit und Widerstand gegen Veränderungen
published,Übermäßige Skepsis gegenüber unkonventionellen Ideen
published,Schwierigkeiten bei der Anpassung an neue oder unerwartete Situationen
published,"Tendenz, zu kritisch gegenüber Abweichungen von festgelegten Regeln zu sein"
published,"Risiko, soziale Interaktionen aufgrund von Fokus auf Aufgaben zu vernachlässigen"
published,Fürsorglich
published,Zuverlässig
published,Gewissenhaft
published,Empathisch
published,Teamorientiert
published,Organisiert
published,Loyal
published,Betont zwischenmenschliche Beziehungen und Harmonie
published,"Rollen, die fürsorgliches Handeln ermöglichen"
published,"Gelegenheit, für Ordnung und Organisation zu sorgen"
published,Unterstützende und teamorientierte Arbeitsatmosphäre
published,Klare Erwartungen und Strukturen
published,Tendenz zur Zurückhaltung bei der Konfliktbewältigung
published,Neigung zum Perfektionismus und hohen Ansprüchen an sich selbst
published,Potenzielles Überengagement und Überlastung
published,Schwierigkeiten bei der Ausdrucksweise von Kritik
published,"Risiko, die eigenen Bedürfnisse zugunsten anderer zu vernachlässigen"
published,Analytisch
published,Strategisch
published,Unabhängig
published,Zielorientiert
published,Innovativ
published,Effizient
published,Logisch
published,Intellektuell herausfordernde Umgebung
published,Möglichkeit zur strategischen Planung und Analyse
published,Betonung von Unabhängigkeit und Selbstständigkeit
published,"Klare, anspruchsvolle Ziele"
published,"Freiheit, eigene Visionen und Ideen zu verfolgen"
published,Potenzieller Mangel an Geduld bei langsameren Prozessen
published,Tendenz zur Unnachgiebigkeit und Beharrlichkeit in ihren Ansichten
published,"Schwierigkeiten bei der Zusammenarbeit mit Personen, die ihren logischen Ansichten nicht folgen"
published,Gelegentliche Zurückhaltung bei der Berücksichtigung von Emotionen in Entscheidungen
published,"Risiko, soziale Interaktionen zugunsten von Unabhängigkeit zu vernachlässigen"
published,Einfühlsam
published,Kreativ
published,Engagiert
published,Visionär
published,Teamorientiert
published,Zielstrebig
published,Analytisch
published,Betont Kreativität und soziale Verantwortung
published,Raum für einfühlsame Fähigkeiten und Mitgefühl
published,Schätzt Visionen und innovative Ideen
published,Fördert Zusammenarbeit und Teamarbeit
published,Unterstützt die Umsetzung von sozialen oder humanitären Zielen
published,Potenzielle Überempfindlichkeit gegenüber Kritik oder negativem Feedback
published,Tendenz zum Perfektionismus und hohen Ansprüchen an sich selbst
published,"Schwierigkeiten, Nein zu sagen oder eigene Bedürfnisse auszudrücken"
published,"Risiko, sich zu sehr auf die Bedürfnisse anderer zu konzentrieren und die eigenen zu vernachlässigen"
published,Gelegentliche Überforderung aufgrund des Engagements für soziale oder humanitäre Zwecke
published,Pragmatisch
published,Anpassungsfähig
published,Risikobereit
published,Handlungsorientiert
published,Energetisch
published,Praktisch
published,Problemlösungsfähigkeiten
published,Abwechslungsreiche und praktische Herausforderungen
published,Aktive Handlungsmöglichkeiten
published,Betonung von praktischen Fähigkeiten und praktischer Anwendung
published,Schnelle und dynamische Arbeitsumgebung
published,Raum für spontane Problemlösungen
published,Potenzielle Impulsivität bei Entscheidungen und Aktionen
published,Mangelnde Geduld bei langwierigen oder abstrakten Aufgaben
published,Schwierigkeiten bei der Entwicklung langfristiger Pläne oder Strategien
published,Risiko von übermäßigem Risiko oder Unvorsichtigkeit
published,"Gelegentliche Herausforderungen bei der Teamarbeit, insbesondere in strikt strukturierten Umgebungen"
published,Spontan
published,Sozial
published,Lebhaft
published,Begeisterungsfähig
published,Flexibel
published,Anpassungsfähig
published,Teamorientiert
published,Betont soziale Interaktion und kreative Ausdrucksmöglichkeiten
published,Raum für spontane und lebhafte Aktivitäten
published,"Schätzt Rollen, die ihre Lebendigkeit und soziale Fähigkeiten nutzen"
published,Positives und dynamisches Arbeitsumfeld
published,Möglichkeit zur Teamarbeit und zum Teilen von Begeisterung
published,Potenzielle Impulsivität bei Entscheidungen und Handlungen
published,Mangelnde Geduld bei langwierigen oder abstrakten Aufgaben
published,Schwierigkeiten bei der langfristigen Planung oder strategischen Ausrichtung
published,Risiko von Ablenkung und Unfokus
published,Gelegentliche Herausforderungen bei der Detailarbeit oder analytischen Aufgaben
published,Analytisch
published,Kreativ
published,Neugierig
published,Innovativ
published,Flexibel
published,Schnelle Denker
published,Herausforderungsorientiert
published,Intellektuell herausfordernde Umgebung
published,Freiheit zur Entwicklung innovativer Ideen
published,Betonung von analytischen Fähigkeiten und kreativer Denkweise
published,Förderung von Kreativität und innovativer Lösungsfindung
published,Raum für intellektuelle Stimulation
published,Potenzielle Unorganisiertheit und mangelnde Struktur
published,"Herausforderungen in der Geduld, insbesondere bei Routineaufgaben"
published,"Schwierigkeiten, die Aufmerksamkeit auf detailorientierte oder repetitive Aufgaben zu richten"
published,"Risiko, zu viele Projekte gleichzeitig zu verfolgen"
published,Gelegentliche Ungeduld in Bezug auf langwierige Prozesse
published,Kreativ
published,Sozial
published,Einfallsreich
published,Begeisterungsfähig
published,Empathisch
published,Anpassungsfähig
published,Innovativ
published,Betont Kreativität und soziale Interaktion
published,Raum für kreative Ausdrucksmöglichkeiten
published,"Schätzt Rollen, die ihre kreativen Fähigkeiten nutzen und innovative Ideen fördern"
published,Förderung von sozialen Beziehungen und zwischenmenschlicher Interaktion
published,"Umgebung, die ihre Ideen und Begeisterung unterstützt"
published,Potenzielle Unorganisiertheit und Schwierigkeiten bei der Strukturierung von Aufgaben
published,Mangelnde Geduld bei langwierigen oder routinemäßigen Aufgaben
published,Herausforderungen bei der Priorisierung von Aufgaben und Zeitmanagement
published,"Risiko, zu viele Projekte gleichzeitig zu verfolgen"
published,Gelegentliche Ungeduld in Bezug auf langwierige Prozesse oder Abwesenheit von sofortigen Ergebnissen
published,Praktisch
published,Anpassungsfähig
published,Ruhig unter Druck
published,Handlungsorientiert
published,Analytisch
published,Geschickte Problemlösung
published,Betont praktische Herausforderungen und Anwendung handwerklicher Fähigkeiten
published,Raum für praktische Problemlösung und Umsetzung von Lösungen in der Praxis
published,"Schätzt Rollen, die handlungsorientiert und pragmatisch sind"
published,Betonung von praktischen Fähigkeiten und Fertigkeiten
published,Gelegenheit zur Anwendung von analytischem Denken
published,"Potenzielle Ungeduld, insbesondere in Bezug auf langwierige oder abstrakte Aufgaben"
published,Mangelnde Neigung zur umfangreichen Planung und Vorausschau
published,"Schwierigkeiten, Emotionen auszudrücken oder in sozialen Situationen sensibel zu sein"
published,Risiko von Impulsivität und schnellem Handeln ohne ausreichende Überlegung
published,"Gelegentliche Herausforderungen in Bezug auf Teamarbeit und Zusammenarbeit, insbesondere in emotionalen oder kreativen Kontexten"
published,Kreativ
published,Einfühlsam
published,Praktisch
published,Anpassungsfähig
published,Handlungsorientiert
published,Ästhetisch
published,Schönheitssinn
published,Betont kreative Selbstentfaltung und praktische Umsetzung von Ideen
published,Raum für ästhetische und kreative Ausdrucksmöglichkeiten
published,"Schätzt Rollen, die ihre ästhetischen und kreativen Fähigkeiten nutzen"
published,Betonung von praktischen Umsetzungsmöglichkeiten von Projekten und Ideen
published,Unterstützende Umgebung für kreative Entfaltung
published,Potenzielle Unorganisiertheit und Schwierigkeiten bei der Planung und Abstraktion
published,Herausforderungen in der sozialen Interaktion und Zurückhaltung in zwischenmenschlichen Situationen
published,Risiko von mangelnder Zielorientierung und mangelnder Fokussierung auf langfristige Ziele
published,"Gelegentliche Schwierigkeiten in der Teamarbeit, insbesondere in hochstrukturierten Umgebungen"
published,Potenzielle Abneigung gegenüber formalen Prozessen und bürokratischen Aufgaben
published,Analytisch
published,Innovativ
published,Kreativ
published,Unabhängig
published,Problemlösungsfähigkeiten
published,Intellektuell
published,Flexibel
published,Betont intellektuelle Herausforderungen und unabhängige Forschung
published,Raum für komplexe Problemlösung und Innovationsentwicklung
published,"Schätzt Rollen, die die Erforschung neuer Ideen und das Lösen komplexer Probleme ermöglichen"
published,Betonung von intellektuellen Herausforderungen und Forschungsfreiheit
published,Unabhängigkeit und Autonomie in der Arbeitsweise
published,Potenzielle Unorganisiertheit und mangelnde Geduld bei langwierigen Aufgaben
published,Herausforderungen bei der effektiven sozialen Kommunikation und zwischenmenschlichen Beziehungen
published,"Risiko von fehlender Zielorientierung und mangelnder Fähigkeit, sich auf Routineaufgaben zu konzentrieren"
published,Gelegentliche Schwierigkeiten bei der Einhaltung von Zeitplänen und Deadlines
published,Potenzielle Zurückhaltung und Introvertiertheit in sozialen Situationen
published,Kreativ
published,Einfühlsam
published,Werteorientiert
published,Flexibel
published,Problemlösungsfähigkeiten
published,Unkonventionell
published,Kulturell bewusst
published,Betont kreative Selbstentfaltung und Ausdrucksfreiheit
published,Raum für Erkundung sozialer und kultureller Themen
published,"Schätzt Rollen, die die Nutzung ihrer kreativen Fähigkeiten ermöglichen"
published,Betonung von Werten und sozialen Anliegen in der Arbeit
published,Flexibilität und Unkonventionalität in der Herangehensweise
published,Potenzielle Unorganisiertheit und Herausforderungen bei der Priorisierung von Aufgaben
published,Risiko von übermäßiger emotionaler Sensibilität und Betroffenheit
published,"Schwierigkeiten, in konfliktreichen Situationen ruhig zu bleiben"
published,Potenzielle Neigung zur Vermeidung von Routineaufgaben
published,Herausforderungen bei der Einhaltung von Zeitplänen und Deadlines
